{"_id":{"$oid":"574818c06810d4401369d79e"},"company":"Pump 1","productName":"JE 17515","shopName":"Shop 1","phNo1":"132456789","phNo2":"1324564897","mobile":"8885664236","properties":{"ratedPower":0.75,"noOfStages_supported":15,"cost":1500,"type":"Pump","waterDischarge":[15,20,27,30,40,50,60],"headHeight_supported":[90,75,67,60,45,30,15],"outlet":25},"__v":0}
{"_id":{"$oid":"574818ff6810d4401369d79f"},"company":"Pump 2","productName":"JE 11016","shopName":"Shop 2","phNo1":"78543","phNo2":"4578","mobile":"9663966425","properties":{"ratedPower":1,"noOfStages_supported":16,"cost":1500,"type":"Pump","waterDischarge":[15,20,27,30,40,50,60],"headHeight_supported":[96,80,72,64,48,32,16],"outlet":25},"__v":0}
{"_id":{"$oid":"574819396810d4401369d7a0"},"company":"Pump 3","productName":"JE 11018","shopName":"Shop 3","phNo1":"46498791","phNo2":"16548979","mobile":"9663966425","properties":{"ratedPower":1,"noOfStages_supported":18,"cost":1500,"type":"Pump","waterDischarge":[15,20,27,30,40,50,60],"headHeight_supported":[108,90,81,72,54,36,18],"outlet":25},"__v":0}
{"_id":{"$oid":"5748196d6810d4401369d7a1"},"productName":"JE 11522","company":"Pump 4","shopName":"Shop 4","phNo1":"132467","phNo2":"13479","mobile":"9663966425","properties":{"ratedPower":1.5,"noOfStages_supported":22,"cost":1500,"type":"Pump","waterDischarge":[15,20,27,30,40,50,60],"headHeight_supported":[132,110,99,88,66,44,22],"outlet":25},"__v":0}
{"_id":{"$oid":"574819906810d4401369d7a2"},"productName":"JE 11525","company":"Pump 5","shopName":"Shop 5","phNo1":"32564","phNo2":"132498","mobile":"123456789","properties":{"ratedPower":1.5,"noOfStages_supported":25,"type":"Pump","waterDischarge":[15,20,27,30,40,50,60],"headHeight_supported":[150,125,112,100,75,50,25],"cost":1500,"outlet":25},"__v":0}
{"_id":{"$oid":"574819cf6810d4401369d7a3"},"company":"Pump 6","productName":"JE 12030","shopName":"Shop 6","phNo1":"2345","phNo2":"746548","mobile":"132456789","properties":{"ratedPower":2,"noOfStages_supported":32,"cost":1500,"type":"Pump","waterDischarge":[15,20,27,30,40,50,60],"headHeight_supported":[192,160,144,128,96,64,32],"outlet":25},"__v":0}
{"_id":{"$oid":"574819f96810d4401369d7a4"},"company":"Pump 7","productName":"JE 12032","shopName":"Shop 7","phNo1":"132456789","phNo2":"13456897","mobile":"987654321","properties":{"ratedPower":2,"noOfStages_supported":32,"cost":1500,"type":"Pump","waterDischarge":[15,20,27,30,40,50,60],"headHeight_supported":[192,160,144,128,96,64,32],"outlet":25},"__v":0}
{"_id":{"$oid":"57481a266810d4401369d7a5"},"productName":"JE 13035","company":"Pump 8","shopName":"Shop 8","phNo1":"12345679","phNo2":"1324587","mobile":"987654321","properties":{"ratedPower":3,"noOfStages_supported":35,"cost":1500,"type":"Pump","waterDischarge":[15,20,27,30,40,50,60],"headHeight_supported":[210,175,157,140,105,70,35],"outlet":25},"__v":0}
{"_id":{"$oid":"57481a566810d4401369d7a6"},"company":"Pump 9","productName":"JE 14040","shopName":"Shop 9","phNo1":"134651","phNo2":"32465","mobile":"123456798","properties":{"ratedPower":4,"noOfStages_supported":40,"cost":1500,"type":"Pump","waterDischarge":[15,20,27,30,40,50,60],"headHeight_supported":[240,200,180,160,120,80,40],"outlet":25},"__v":0}
{"_id":{"$oid":"57481a786810d4401369d7a7"},"company":"Pump 10","productName":"JE 15045","shopName":"Shop 10","phNo1":"123465498","phNo2":"1345987","mobile":"9663966425","properties":{"ratedPower":5,"noOfStages_supported":45,"cost":1500,"type":"Pump","waterDischarge":[15,20,27,30,40,50,60],"headHeight_supported":[270,225,202,180,135,90,45],"outlet":25},"__v":0}
{"_id":{"$oid":"57481e1a6810d4401369d7a8"},"company":"Pump 11","productName":"JE 10510","shopName":"Shop 11","phNo1":"8885664236","phNo2":"8885664236","mobile":"9663966425","properties":{"ratedPower":0.5,"noOfStages_supported":10,"type":"Pump","waterDischarge":[15,20,27,30,40,50,60],"headHeight_supported":[60,50,45,40,30,20,10],"cost":1500,"outlet":25},"__v":0}
{"_id":{"$oid":"574ef261703c09bc226af21d"},"company":"Pump 12","productName":"JE 20507","shopName":"Shop 12","phNo1":"74365","phNo2":"3216489","mobile":"4662321987","properties":{"ratedPower":0.5,"noOfStages_supported":7,"outlet":25,"cost":1500,"type":"Pump","waterDischarge":[25,33,40,45,55,65,80],"headHeight_supported":[44,36,33,30,23,15,8]},"__v":0}
{"_id":{"$oid":"574ef29d703c09bc226af21e"},"company":"Pump 13","productName":"JE 27510","shopName":"Shop 13","phNo1":"687564","phNo2":"135498","mobile":"165798465","properties":{"ratedPower":0.75,"noOfStages_supported":7,"outlet":25,"cost":1500,"type":"Pump","waterDischarge":[25,33,40,45,55,65,80],"headHeight_supported":[62,52,47,42,32,22,12]},"__v":1}
{"_id":{"$oid":"574ef2faab7d52a022e1d9e2"},"company":"Pump 14","productName":"JE 27512","shopName":"Shop 14","phNo1":"5648721","phNo2":"5456765","mobile":"165498756","properties":{"ratedPower":0.75,"noOfStages_supported":12,"outlet":25,"cost":1500,"type":"Pump","waterDischarge":[25,33,40,45,55,65,80],"headHeight_supported":[74,62,56,50,38,26,14]},"__v":0}
{"_id":{"$oid":"574ef315ab7d52a022e1d9e3"},"company":"Pump 15","productName":"JE 21013","shopName":"Shop 14","phNo1":"5648721","phNo2":"5456765","mobile":"165498756","properties":{"ratedPower":1,"noOfStages_supported":13,"outlet":25,"cost":1500,"type":"Pump","waterDischarge":[25,33,40,45,55,65,80],"headHeight_supported":[81,68,61,55,42,29,16]},"__v":0}
{"_id":{"$oid":"574ef330ab7d52a022e1d9e4"},"company":"Pump 16","productName":"JE 21015","shopName":"Shop 16","phNo1":"5648721","phNo2":"5456765","mobile":"165498756","properties":{"ratedPower":1,"noOfStages_supported":15,"outlet":25,"cost":1500,"type":"Pump","waterDischarge":[25,33,40,45,55,65,80],"headHeight_supported":[93,78,70,63,48,33,18]},"__v":0}
{"_id":{"$oid":"574ef346ab7d52a022e1d9e5"},"company":"Pump 17","productName":"JE 21518","shopName":"Shop 17","phNo1":"5648721","phNo2":"5456765","mobile":"165498756","properties":{"ratedPower":1.5,"noOfStages_supported":18,"outlet":25,"cost":1500,"type":"Pump","waterDischarge":[25,33,40,45,55,65,80],"headHeight_supported":[112,94,85,76,58,40,22]},"__v":0}
{"_id":{"$oid":"574ef35eab7d52a022e1d9e6"},"company":"Pump 18","productName":"JE 21520","shopName":"Shop 18","phNo1":"5648721","phNo2":"5456765","mobile":"165498756","properties":{"ratedPower":1.5,"noOfStages_supported":20,"outlet":25,"cost":1500,"type":"Pump","waterDischarge":[25,33,40,45,55,65,80],"headHeight_supported":[124,104,94,84,64,44,24]},"__v":0}
{"_id":{"$oid":"574ef373ab7d52a022e1d9e7"},"company":"Pump 19","productName":"JE 22025","shopName":"Shop 19","phNo1":"5648721","phNo2":"5456765","mobile":"165498756","properties":{"ratedPower":2,"noOfStages_supported":25,"outlet":25,"cost":1500,"type":"Pump","waterDischarge":[25,33,40,45,55,65,80],"headHeight_supported":[155,130,117,105,80,55,30]},"__v":0}
{"_id":{"$oid":"574ef38eab7d52a022e1d9e8"},"company":"Pump 20","productName":"JE 23030","shopName":"Shop 20","phNo1":"5648721","phNo2":"5456765","mobile":"165498756","properties":{"ratedPower":3,"noOfStages_supported":30,"outlet":25,"cost":1500,"type":"Pump","waterDischarge":[25,33,40,45,55,65,80],"headHeight_supported":[186,156,141,126,96,66,36]},"__v":0}
{"_id":{"$oid":"574ef3a3ab7d52a022e1d9e9"},"company":"Pump 21","productName":"JE 24035","shopName":"Shop 21","phNo1":"5648721","phNo2":"5456765","mobile":"165498756","properties":{"ratedPower":4,"noOfStages_supported":35,"outlet":25,"cost":1500,"type":"Pump","waterDischarge":[25,33,40,45,55,65,80],"headHeight_supported":[217,182,164,147,112,77,42]},"__v":0}
{"_id":{"$oid":"574ef3b5ab7d52a022e1d9ea"},"company":"Pump 22","productName":"JE 25040","shopName":"Shop 22","phNo1":"5648721","phNo2":"5456765","mobile":"165498756","properties":{"ratedPower":5,"noOfStages_supported":40,"outlet":25,"cost":1500,"type":"Pump","waterDischarge":[25,33,40,45,55,65,80],"headHeight_supported":[248,208,188,168,128,88,48]},"__v":0}
{"_id":{"$oid":"5757a82b6e2bac9011aef31f"},"company":"Pump 23","productName":"JE 40505","shopName":"Shop 23","phNo1":"2346598","phNo2":"1324897","mobile":"13245687","properties":{"ratedPower":0.5,"noOfStages_supported":5,"outlet":32,"cost":1200,"type":"Pump","waterDischarge":[35,45,55,60,80,90,100],"headHeight_supported":[31,26,23,21,16,11,6]},"__v":0}
{"_id":{"$oid":"5757a8ceaffbd2302ca91571"},"company":"Pump 24","shopName":"Shop 24","productName":"JE 47507","phNo1":"42134","phNo2":"32157","mobile":"3224657","properties":{"ratedPower":0.75,"noOfStages_supported":7,"outlet":32,"cost":1200,"type":"Pump","waterDischarge":[35,45,55,60,80,90,100],"headHeight_supported":[43,36,33,29,22,15,8]},"__v":0}
{"_id":{"$oid":"5757a902affbd2302ca91572"},"shopName":"Shop 25","company":"Pump 25","productName":"JE 41010","phNo1":"132456789","phNo2":"1346578","mobile":"3245689","properties":{"ratedPower":1,"noOfStages_supported":10,"outlet":32,"cost":1500,"type":"Pump","waterDischarge":[35,45,55,60,80,90,100],"headHeight_supported":[62,52,47,42,32,22,12]},"__v":0}
{"_id":{"$oid":"5757a920affbd2302ca91573"},"shopName":"Shop 26","company":"Pump 26","productName":"JE 41515","phNo1":"132456789","phNo2":"1346578","mobile":"3245689","properties":{"ratedPower":1.5,"noOfStages_supported":15,"outlet":32,"cost":1500,"type":"Pump","waterDischarge":[35,45,55,60,80,90,100],"headHeight_supported":[93,78,70,63,48,33,18]},"__v":0}
{"_id":{"$oid":"5757a939affbd2302ca91574"},"shopName":"Shop 27","company":"Pump 27","productName":"JE 42020","phNo1":"132456789","phNo2":"1346578","mobile":"3245689","properties":{"ratedPower":2,"noOfStages_supported":20,"outlet":32,"cost":1500,"type":"Pump","waterDischarge":[35,45,55,60,80,90,100],"headHeight_supported":[124,104,94,84,64,44,24]},"__v":0}
{"_id":{"$oid":"5757a975affbd2302ca91575"},"shopName":"Shop 28","company":"Pump 28","productName":"JE 43025","phNo1":"132456789","phNo2":"1346578","mobile":"3245689","properties":{"ratedPower":3,"noOfStages_supported":25,"outlet":32,"cost":1500,"type":"Pump","waterDischarge":[35,45,55,60,80,90,100],"headHeight_supported":[155,130,117,105,80,55,30]},"__v":0}
{"_id":{"$oid":"5757a993affbd2302ca91576"},"shopName":"Shop 29","company":"Pump 29","productName":"JE 44030","phNo1":"132456789","phNo2":"1346578","mobile":"3245689","properties":{"ratedPower":4,"noOfStages_supported":30,"outlet":32,"cost":1500,"type":"Pump","waterDischarge":[35,45,55,60,80,90,100],"headHeight_supported":[186,156,141,126,96,66,36]},"__v":0}
{"_id":{"$oid":"5757a9b1affbd2302ca91577"},"shopName":"Shop 30","company":"Pump 30","productName":"JE 45035","phNo1":"132456789","phNo2":"1346578","mobile":"3245689","properties":{"ratedPower":5,"noOfStages_supported":35,"outlet":32,"cost":1500,"type":"Pump","waterDischarge":[35,45,55,60,80,90,100],"headHeight_supported":[217,182,164,147,112,77,42]},"__v":0}
{"_id":{"$oid":"5757aa57affbd2302ca91578"},"shopName":"Shop 31","company":"Pump 31","productName":"JE 57505","phNo1":"132456789","phNo2":"1346578","mobile":"3245689","properties":{"ratedPower":0.7,"noOfStages_supported":5,"outlet":32,"cost":1500,"type":"Pump","waterDischarge":[40,60,70,80,90,110,130],"headHeight_supported":[27,25,22,20,15,10,5]},"__v":0}
{"_id":{"$oid":"5757aa6eaffbd2302ca91579"},"shopName":"Shop 32","company":"Pump 32","productName":"JE 51007","phNo1":"132456789","phNo2":"1346578","mobile":"3245689","properties":{"ratedPower":1,"noOfStages_supported":7,"outlet":32,"cost":1500,"type":"Pump","waterDischarge":[40,60,70,80,90,110,130],"headHeight_supported":[38,35,31,28,21,14,7]},"__v":0}
{"_id":{"$oid":"5757aa87affbd2302ca9157a"},"shopName":"Shop 33","company":"Pump 33","productName":"JE 51512","phNo1":"132456789","phNo2":"1346578","mobile":"3245689","properties":{"ratedPower":1.5,"noOfStages_supported":12,"outlet":32,"cost":1500,"type":"Pump","waterDischarge":[40,60,70,80,90,110,130],"headHeight_supported":[66,60,54,48,36,24,12]},"__v":0}
{"_id":{"$oid":"5757aa9eaffbd2302ca9157b"},"shopName":"Shop 34","company":"Pump 34","productName":"JE 52015","phNo1":"132456789","phNo2":"1346578","mobile":"3245689","properties":{"ratedPower":2,"noOfStages_supported":15,"outlet":32,"cost":1500,"type":"Pump","waterDischarge":[40,60,70,80,90,110,130],"headHeight_supported":[82,75,67,60,45,30,15]},"__v":0}
{"_id":{"$oid":"5757aab2affbd2302ca9157c"},"shopName":"Shop 35","company":"Pump 35","productName":"JE 53020","phNo1":"132456789","phNo2":"1346578","mobile":"3245689","properties":{"ratedPower":3,"noOfStages_supported":20,"outlet":32,"cost":1500,"type":"Pump","waterDischarge":[40,60,70,80,90,110,130],"headHeight_supported":[110,100,90,80,60,40,20]},"__v":0}
{"_id":{"$oid":"5757aac5affbd2302ca9157d"},"shopName":"Shop 36","company":"Pump 36","productName":"JE 54025","phNo1":"132456789","phNo2":"1346578","mobile":"3245689","properties":{"ratedPower":4,"noOfStages_supported":25,"outlet":32,"cost":1500,"type":"Pump","waterDischarge":[40,60,70,80,90,110,130],"headHeight_supported":[137,125,112,100,75,50,25]},"__v":0}
{"_id":{"$oid":"5757aadbaffbd2302ca9157e"},"shopName":"Shop 37","company":"Pump 37","productName":"JE 55030","phNo1":"132456789","phNo2":"1346578","mobile":"3245689","properties":{"ratedPower":5,"noOfStages_supported":30,"outlet":32,"cost":1500,"type":"Pump","waterDischarge":[40,60,70,80,90,110,130],"headHeight_supported":[165,150,135,120,90,60,30]},"__v":0}
{"_id":{"$oid":"5757ab52affbd2302ca9157f"},"shopName":"Shop 38","company":"Pump 38","productName":"JE 71510","phNo1":"132456789","phNo2":"1346578","mobile":"3245689","properties":{"ratedPower":1.5,"noOfStages_supported":10,"outlet":40,"cost":1500,"type":"Pump","waterDischarge":[60,70,80,90,100,120,140],"headHeight_supported":[55,50,45,40,30,20,10]},"__v":0}
{"_id":{"$oid":"5757ab66affbd2302ca91580"},"shopName":"Shop 39","company":"Pump 39","productName":"JE 72012","phNo1":"132456789","phNo2":"1346578","mobile":"3245689","properties":{"ratedPower":2,"noOfStages_supported":12,"outlet":40,"cost":1500,"type":"Pump","waterDischarge":[60,70,80,90,100,120,140],"headHeight_supported":[66,60,54,48,36,24,12]},"__v":0}
{"_id":{"$oid":"5757ab7daffbd2302ca91581"},"shopName":"Shop 40","company":"Pump 40","productName":"JE 73015","phNo1":"132456789","phNo2":"1346578","mobile":"3245689","properties":{"ratedPower":3,"noOfStages_supported":15,"outlet":40,"cost":1500,"type":"Pump","waterDischarge":[60,70,80,90,100,120,140],"headHeight_supported":[82,75,67,60,45,30,15]},"__v":0}
{"_id":{"$oid":"5757ab92affbd2302ca91582"},"shopName":"Shop 41","company":"Pump 41","productName":"JE 74020","phNo1":"132456789","phNo2":"1346578","mobile":"3245689","properties":{"ratedPower":4,"noOfStages_supported":20,"outlet":40,"cost":1500,"type":"Pump","waterDischarge":[60,70,80,90,100,120,140],"headHeight_supported":[110,100,90,80,60,40,20]},"__v":0}
{"_id":{"$oid":"5757aba4affbd2302ca91583"},"shopName":"Shop 42","company":"Pump 42","productName":"JE 75025","phNo1":"132456789","phNo2":"1346578","mobile":"3245689","properties":{"ratedPower":5,"noOfStages_supported":25,"outlet":40,"cost":1500,"type":"Pump","waterDischarge":[60,70,80,90,100,120,140],"headHeight_supported":[137,125,112,100,75,50,25]},"__v":0}
{"_id":{"$oid":"5757ac93f5cd3a4025aa23a6"},"shopName":"Shop 43","company":"Pump 43","productName":"JE 101050","phNo1":"132456789","phNo2":"1346578","mobile":"3245689","properties":{"ratedPower":1,"noOfStages_supported":5,"outlet":40,"cost":1500,"type":"Pump","waterDischarge":[70,85,100,120,140,160,180],"headHeight_supported":[27,25,22,20,15,10,5]},"__v":0}
{"_id":{"$oid":"5757aca6f5cd3a4025aa23a7"},"shopName":"Shop 44","company":"Pump 44","productName":"JE 101508","phNo1":"132456789","phNo2":"1346578","mobile":"3245689","properties":{"ratedPower":1.5,"noOfStages_supported":8,"outlet":40,"cost":1500,"type":"Pump","waterDischarge":[70,85,100,120,140,160,180],"headHeight_supported":[44,40,36,32,24,16,8]},"__v":0}
{"_id":{"$oid":"5757acb5f5cd3a4025aa23a8"},"shopName":"Shop 45","company":"Pump 45","productName":"JE 102010","phNo1":"132456789","phNo2":"1346578","mobile":"3245689","properties":{"ratedPower":2,"noOfStages_supported":10,"outlet":40,"cost":1500,"type":"Pump","waterDischarge":[70,85,100,120,140,160,180],"headHeight_supported":[55,50,45,40,30,20,10]},"__v":0}
{"_id":{"$oid":"5757acc5f5cd3a4025aa23a9"},"shopName":"Shop 46","company":"Pump 46","productName":"JE 105020","phNo1":"132456789","phNo2":"1346578","mobile":"3245689","properties":{"ratedPower":5,"noOfStages_supported":20,"outlet":40,"cost":1500,"type":"Pump","waterDischarge":[70,85,100,120,140,160,180],"headHeight_supported":[110,100,90,80,60,40,20]},"__v":0}
{"_id":{"$oid":"5757ace2f5cd3a4025aa23aa"},"shopName":"Shop 47","company":"Pump 47","productName":"JE 121004","phNo1":"132456789","phNo2":"1346578","mobile":"3245689","properties":{"ratedPower":1,"noOfStages_supported":4,"outlet":50,"cost":1500,"type":"Pump","waterDischarge":[100,120,130,150,180,200,230],"headHeight_supported":[22,20,18,16,12,8,4]},"__v":0}
{"_id":{"$oid":"5757acfdf5cd3a4025aa23ab"},"shopName":"Shop 48","company":"Pump 48","productName":"JE 121507","phNo1":"132456789","phNo2":"1346578","mobile":"3245689","properties":{"ratedPower":1.5,"noOfStages_supported":7,"outlet":50,"cost":1500,"type":"Pump","waterDischarge":[100,120,130,150,180,200,230],"headHeight_supported":[38,35,31,28,21,14,7]},"__v":0}
{"_id":{"$oid":"5757ad0ef5cd3a4025aa23ac"},"shopName":"Shop 49","company":"Pump 49","productName":"JE 123012","phNo1":"132456789","phNo2":"1346578","mobile":"3245689","properties":{"ratedPower":3,"noOfStages_supported":12,"outlet":50,"cost":1500,"type":"Pump","waterDischarge":[100,120,130,150,180,200,230],"headHeight_supported":[66,60,54,48,36,24,12]},"__v":0}
{"_id":{"$oid":"5757ad20f5cd3a4025aa23ad"},"shopName":"Shop 50","company":"Pump 50","productName":"JE 124015","phNo1":"132456789","phNo2":"1346578","mobile":"3245689","properties":{"ratedPower":4,"noOfStages_supported":15,"outlet":50,"cost":1500,"type":"Pump","waterDischarge":[100,120,130,150,180,200,230],"headHeight_supported":[82,75,67,60,45,30,15]},"__v":0}
{"_id":{"$oid":"5757ad38f5cd3a4025aa23ae"},"shopName":"Shop 51","company":"Pump 51","productName":"JE 181506","phNo1":"132456789","phNo2":"1346578","mobile":"3245689","properties":{"ratedPower":1.5,"noOfStages_supported":6,"outlet":50,"cost":1500,"type":"Pump","waterDischarge":[80,140,170,210,250,300,350],"headHeight_supported":[30,27,24,21,18,12,6]},"__v":0}
{"_id":{"$oid":"5757adedf5cd3a4025aa23af"},"shopName":"Shop 52","company":"Pump 52","productName":"JE 182008","phNo1":"132456789","phNo2":"1346578","mobile":"3245689","properties":{"ratedPower":2,"noOfStages_supported":8,"outlet":50,"cost":1500,"type":"Pump","waterDischarge":[80,140,170,210,250,300,350],"headHeight_supported":[40,36,32,28,24,16,8]},"__v":0}
{"_id":{"$oid":"5757ae00f5cd3a4025aa23b0"},"shopName":"Shop 53","company":"Pump 53","productName":"JE 183010","phNo1":"132456789","phNo2":"1346578","mobile":"3245689","properties":{"ratedPower":3,"noOfStages_supported":10,"outlet":50,"cost":1500,"type":"Pump","waterDischarge":[80,140,170,210,250,300,350],"headHeight_supported":[50,45,40,35,30,20,10]},"__v":0}
{"_id":{"$oid":"5757ae13f5cd3a4025aa23b1"},"shopName":"Shop 54","company":"Pump 54","productName":"JE 184012","phNo1":"132456789","phNo2":"1346578","mobile":"3245689","properties":{"ratedPower":4,"noOfStages_supported":12,"outlet":50,"cost":1500,"type":"Pump","waterDischarge":[80,140,170,210,250,300,350],"headHeight_supported":[60,54,48,42,36,24,12]},"__v":0}
{"_id":{"$oid":"5757ae2cf5cd3a4025aa23b2"},"shopName":"Shop 55","company":"Pump 55","productName":"JE 185015","phNo1":"132456789","phNo2":"1346578","mobile":"3245689","properties":{"ratedPower":5,"noOfStages_supported":15,"outlet":50,"cost":1500,"type":"Pump","waterDischarge":[80,140,170,210,250,300,350],"headHeight_supported":[75,67,60,52,45,30,15]},"__v":0}
